p,mu
0.001,1
0.001,1
0.001,1
0.001,1
0.001,1
0.001,1
0.001,1
0.001,1
0.001,1
0.001,1
0.001,1
0.001,1
0.001,1
0.001,1
0.001,1
0.001,1
0.001,1
0.001,1
0.001,1
0.001,1
0.001,1
0.001,1
0.001,1
0.001,1
0.001,1
0.001,1
0.001,1
0.001,1
0.001,1
0.001,1
0.001,1
0.001,1
0.001,1
0.001,1
0.001,1
0.001,1
0.001,1
0.001,1
0.001,1
0.001,1
0.001,1
0.001,1
0.001,1
0.001,1
0.001,1
0.001,1
0.001,1
0.001,1
0.001,1
0.001,1
0.001,1
0.001,1
0.001,1
0.001,1
0.001,1
0.001,1
0.001,1
0.001,1
0.001,1
0.001,1
0.001,1
0.001,1
0.001,1
0.001,1
0.001,1
0.001,1
0.001,1
0.001,1
0.001,1
0.001,1
0.001,1
0.001,1
0.001,1
0.001,1
0.001,1
0.001,1
0.001,1
0.001,1
0.001,1
0.001,1
0.001,1
0.001,1
0.001,1
0.001,1
0.001,1
0.001,1
0.001,1
0.001,1
0.001,1
0.001,1
0.001,1
0.001,1
0.001,1
0.001,1
0.001,1
0.001,1
0.001,1
0.001,1
0.001,1
0.001,1
0.001,1
0.001,1
0.001,1
0.001,1
0.001,1
0.001,1
0.001,1
0.001,1
0.001,1
0.001,1
0.001,1
0.001,1
0.001,1
0.001,1
0.001,1
0.001,1
0.001,1
0.001,1
0.001,1
0.001,1
0.001,1
0.001,1
0.001,1
0.001,1
0.001,1
0.001,1
0.001,1
0.001,1
0.001,1
0.001,1
0.001,1
0.001,1
0.001,1
0.001,1
0.001,1
0.001,1
0.001,1
0.001,1
0.001,1
0.001,1
0.001,1
0.001,1
0.001,1
0.001,1
0.001,1
0.001,1
0.001,1
0.001,1
0.001,1
0.001,1
0.001,1
0.001,1
0.001,1
0.001,1
0.001,1
0.001,1
0.001,1
0.001,1
0.001,1
0.001,1
0.001,1
0.001,1
0.001,1
0.001,1
0.001,1
0.001,1
0.001,1
0.001,1
0.001,1
0.001,1
0.001,1
0.001,1
0.001,1
0.001,1
0.001,1
0.001,1
0.001,1
0.001,1
0.001,1
0.001,1
0.001,1
0.001,1
0.001,1
0.001,1
0.001,1
0.001,1
0.001,1
0.001,1
0.001,1
0.001,1
0.001,1
0.001,1
0.001,1
0.001,1
0.001,1
0.001,1
0.001,1
0.001,1
0.001,1
0.001,1
0.001,1
0.001,1
0.001,1
0.001,1
0.001,1
0.001,1
0.001,1
0.001,1
0.001,1
0.001,1
0.001,1
0.001,1
0.001,1
0.001,1
0.001,1
0.001,1
0.001,1
0.001,1
0.001,1
0.001,1
0.001,1
0.001,1
0.001,1
0.001,1
0.001,1
0.001,1
0.001,1
0.001,1
0.001,1
0.001,1
0.001,1
0.001,1
0.001,1
0.001,1
0.001,1
0.001,1
0.001,1
0.001,1
0.001,1
0.001,1
0.001,1
0.001,1
0.001,1
0.001,1
0.001,1
0.001,1
0.001,1
0.001,1
0.001,1
0.001,1
0.001,1
0.001,1
0.001,1
0.001,1
0.001,1
0.001,1
0.001,1
0.001,1
0.001,1
0.001,1
0.001,1
0.001,1
0.001,1
0.001,1
0.001,1
0.001,1
0.001,1
0.001,1
0.001,1
0.001,1
0.001,1
0.001,1
0.001,1
0.001,1
0.001,1
0.001,1
0.001,1
0.001,1
0.001,1
0.001,1
0.001,1
0.001,1
0.001,1
0.001,1
0.001,1
0.001,1
0.001,1
0.001,1
0.001,1
0.001,1
0.001,1
0.001,1
0.001,1
0.001,1
0.001,1
0.001,1
0.001,1
0.001,1
0.001,1
0.001,1
0.001,1
0.001,1
0.001,1
0.001,1
0.001,1
0.001,1
0.001,1
0.001,1
0.001,1
0.001,1
0.001,1
0.001,1
0.001,1
0.001,1
0.001,1
0.001,1
0.001,1
0.001,1
0.001,1
0.001,1
0.001,1
0.001,1
0.001,1
0.001,1
0.001,1
0.001,1
0.001,1
0.001,1
0.001,1
0.001,1
0.001,1
0.001,1
0.001,1
0.001,1
0.001,1
0.001,1
0.001,1
0.001,1
0.001,1
0.001,1
0.001,1
0.001,1
0.001,1
0.001,1
0.001,1
0.001,1
0.001,1
0.001,1
0.001,1
0.001,1
0.001,1
0.001,1
0.001,1
0.001,1
0.001,1
0.001,1
0.001,1
0.001,1
0.001,1
0.001,1
0.001,1
0.001,1
0.001,1
0.001,1
0.001,1
0.001,1
0.001,1
0.001,1
0.001,1
0.001,1
0.001,1
0.001,1
0.001,1
0.001,1
0.001,1
0.001,1
0.001,1
0.001,1
0.001,1
0.001,1
0.001,1
0.001,1
0.001,1
0.001,1
0.001,1
0.001,1
0.001,1
0.001,1
0.001,1
0.001,1
0.001,1
0.001,1
0.001,1
0.001,1
0.001,1
0.001,1
0.001,1
0.001,1
0.001,1
0.001,1
0.001,1
0.001,1
0.001,1
0.001,1
0.001,1
0.001,1
0.001,1
0.001,1
0.001,1
0.001,1
0.001,1
0.001,1
0.001,1
0.001,1
0.001,1
0.001,1
0.001,1
0.001,1
0.001,1
0.001,1
0.001,1
0.001,1
0.001,1
0.001,1
0.001,1
0.001,1
0.001,1
0.001,1
0.001,1
0.001,1
0.001,1
0.001,1
0.001,1
0.001,1
0.001,1
0.001,1
0.001,1
0.001,1
0.001,1
0.001,1
0.001,1
0.001,1
0.001,1
0.001,1
0.001,1
0.001,1
0.001,1
0.001,1
0.001,1
0.001,1
0.001,1
0.001,1
0.001,1
0.001,1
0.001,1
0.001,1
0.001,1
0.001,1
0.001,1
0.001,1
0.001,1
0.001,1
0.001,1
0.001,1
0.001,1
0.001,1
0.001,1
0.001,1
0.001,1
0.001,1
0.001,1
0.001,1
0.001,1
0.001,1
0.001,1
0.001,1
0.001,1
0.001,1
0.001,1
0.001,1
0.001,1
0.001,1
0.001,1
0.001,1
0.001,1
0.001,1
0.001,1
0.001,1
0.001,1
0.001,1
0.001,1
0.001,1
0.001,1
0.001,1
0.001,1
0.001,1
0.001,1
0.001,1
0.001,1
0.001,1
0.001,1
0.001,1
0.001,1
0.001,1
0.001,1
0.001,1
0.001,1
0.001,1
0.001,1
0.001,1
0.001,1
0.001,1
0.001,1
0.001,1
0.001,1
0.001,1
0.001,1
0.001,1
0.001,1
0.001,1
0.001,1
0.001,1
0.001,1
0.001,1
0.001,1
0.001,1
0.001,1
0.001,1
0.001,1
0.001,1
0.001,1
0.001,1
0.001,1
0.001,1
0.001,1
0.001,1
0.001,1
0.001,1
0.001,1
0.001,1
0.001,1
0.001,1
0.001,1
0.001,1
0.001,1
0.001,1
0.001,1
0.001,1
0.001,1
0.001,1
0.001,1
0.001,1
0.001,1
0.001,1
0.001,1
0.001,1
0.001,1
0.001,1
0.001,1
0.001,1
0.001,1
0.001,1
0.001,1
0.001,1
0.001,1
0.001,1
0.001,1
0.001,1
0.001,1
0.001,1
0.001,1
0.001,1
0.001,1
0.001,1
0.001,1
0.001,1
0.001,1
0.001,1
0.001,1
0.001,1
0.001,1
0.001,1
0.001,1
0.001,1
0.001,1
0.001,1
0.001,1
0.001,1
0.001,1
0.001,1
0.001,1
0.001,1
0.001,1
0.001,1
0.001,1
0.001,1
0.001,1
0.001,1
0.001,1
0.001,1
0.001,1
0.001,1
0.001,1
0.001,1
0.001,1
0.001,1
0.001,1
0.001,1
0.001,1
0.001,1
0.001,1
0.001,1
0.001,1
0.001,1
0.001,1
0.001,1
0.001,1
0.001,1
0.001,1
0.001,1
0.001,1
0.001,1
0.001,1
0.001,1
0.001,1
0.001,0
0.001,0
0.001,0
0.001,0
0.001,0
0.001,0
0.001,0
0.001,0
0.001,0
0.001,0
0.001,0
0.001,0
0.001,0
0.001,0
0.001,0
0.001,0
0.001,0
0.001,0
0.001,0
0.001,0
0.001,0
0.001,0
0.001,0
0.001,0
0.001,0
0.001,0
0.001,0
0.001,0
0.001,0
0.001,0
0.001,0
0.001,0
0.001,0
0.001,0
0.001,0
0.001,0
0.001,0
0.001,0
0.001,0
0.001,0
0.001,0
0.001,0
0.001,0
0.001,0
0.001,0
0.001,0
0.001,0
0.001,0
0.001,0
0.001,0
0.001,0
0.001,0
0.001,0
0.001,0
0.001,0
0.001,0
0.001,0
0.001,0
0.001,0
0.001,0
0.001,0
0.001,0
0.001,0
0.001,0
0.001,0
0.001,0
0.001,0
0.001,0
0.001,0
0.001,0
0.001,0
0.001,0
0.001,0
0.001,0
0.001,0
0.001,0
0.001,0
0.001,0
0.001,0
0.001,0
0.001,0
0.001,0
0.001,0
0.001,0
0.001,0
0.001,0
0.001,0
0.001,0
0.001,0
0.001,0
0.001,0
0.001,0
0.001,0
0.001,0
0.001,0
0.001,0
0.001,0
0.001,0
0.001,0
0.001,0
0.001,0
0.001,0
0.001,0
0.001,0
0.001,0
0.001,0
0.001,0
0.001,0
0.001,0
0.001,0
0.001,0
0.001,0
0.001,0
0.001,0
0.001,0
0.001,0
0.001,0
0.001,0
0.001,0
0.001,0
0.001,0
0.001,0
0.001,0
0.001,0
0.001,0
0.001,0
0.001,0
0.001,0
0.001,0
0.001,0
0.001,0
0.001,0
0.001,0
0.001,0
0.001,0
0.001,0
0.001,0
0.001,0
0.001,0
0.001,0
0.001,0
0.001,0
0.001,0
0.001,0
0.001,0
0.001,0
0.001,0
0.001,0
0.001,0
0.001,0
0.001,0
0.001,0
0.001,0
0.001,0
0.001,0
0.001,0
0.001,0
0.001,0
0.001,0
0.001,0
0.001,0
0.001,0
0.001,0
0.001,0
0.001,0
0.001,0
0.001,0
0.001,0
0.001,0
0.001,0
0.001,0
0.001,0
0.001,0
0.001,0
0.001,0
0.001,0
0.001,0
0.001,0
0.001,0
0.001,0
0.001,0
0.001,0
0.001,0
0.001,0
0.001,0
0.001,0
0.001,0
0.001,0
0.001,0
0.001,0
0.001,0
0.001,0
0.001,0
0.001,0
0.001,0
0.001,0
0.001,0
0.001,0
0.001,0
0.001,0
0.001,0
0.001,0
0.001,0
0.001,0
0.001,0
0.001,0
0.001,0
0.001,0
0.001,0
0.001,0
0.001,0
0.001,0
0.001,0
0.001,0
0.001,0
0.001,0
0.001,0
0.001,0
0.001,0
0.001,0
0.001,0
0.001,0
0.001,0
0.001,0
0.001,0
0.001,0
0.001,0
0.001,0
0.001,0
0.001,0
0.001,0
0.001,0
0.001,0
0.001,0
0.001,0
0.001,0
0.001,0
0.001,0
0.001,0
0.001,0
0.001,0
0.001,0
0.001,0
0.001,0
0.001,0
0.001,0
0.001,0
0.001,0
0.001,0
0.001,0
0.001,0
0.001,0
0.001,0
0.001,0
0.001,0
0.001,0
0.001,0
0.001,0
0.001,0
0.001,0
0.001,0
0.001,0
0.001,0
0.001,0
0.001,0
0.001,0
0.001,0
0.001,0
0.001,0
0.001,0
0.001,0
0.001,0
0.001,0
0.001,0
0.001,0
0.001,0
0.001,0
0.001,0
0.001,0
0.001,0
0.001,0
0.001,0
0.001,0
0.001,0
0.001,0
0.001,0
0.001,0
0.001,0
0.001,0
0.001,0
0.001,0
0.001,0
0.001,0
0.001,0
0.001,0
0.001,0
0.001,0
0.001,0
0.001,0
0.001,0
0.001,0
0.001,0
0.001,0
0.001,0
0.001,0
0.001,0
0.001,0
0.001,0
0.001,0
0.001,0
0.001,0
0.001,0
0.001,0
0.001,0
0.001,0
0.001,0
0.001,0
0.001,0
0.001,0
0.001,0
0.001,0
0.001,0
0.001,0
0.001,0
0.001,0
0.001,0
0.001,0
0.001,0
0.001,0
0.001,0
0.001,0
0.001,0
0.001,0
0.001,0
0.001,0
0.001,0
0.001,0
0.001,0
0.001,0
0.001,0
0.001,0
0.001,0
0.001,0
0.001,0
0.001,0
0.001,0
0.001,0
0.001,0
0.001,0
0.001,0
0.001,0
0.001,0
0.001,0
0.001,0
0.001,0
0.001,0
0.001,0
0.001,0
0.001,0
0.001,0
0.001,0
0.001,0
0.001,0
0.001,0
0.001,0
0.001,0
0.001,0
0.001,0
0.001,0
0.001,0
0.001,0
0.001,0
0.001,0
0.001,0
0.001,0
0.002,1
0.002,1
0.002,1
0.002,1
0.002,1
0.002,1
0.002,1
0.002,1
0.002,1
0.002,1
0.002,1
0.002,1
0.002,1
0.002,1
0.002,1
0.002,1
0.002,1
0.002,1
0.002,1
0.002,1
0.002,1
0.002,1
0.002,1
0.002,1
0.002,1
0.002,1
0.002,1
0.002,1
0.002,1
0.002,1
0.002,1
0.002,1
0.002,1
0.002,1
0.002,1
0.002,1
0.002,1
0.002,1
0.002,1
0.002,1
0.002,1
0.002,1
0.002,1
0.002,1
0.002,1
0.002,1
0.002,1
0.002,1
0.002,1
0.002,1
0.002,1
0.002,1
0.002,1
0.002,1
0.002,1
0.002,1
0.002,1
0.002,1
0.002,1
0.002,1
0.002,1
0.002,1
0.002,1
0.002,1
0.002,1
0.002,1
0.002,1
0.002,1
0.002,1
0.002,1
0.002,1
0.002,1
0.002,1
0.002,1
0.002,1
0.002,1
0.002,1
0.002,1
0.002,1
0.002,1
0.002,1
0.002,1
0.002,1
0.002,1
0.002,1
0.002,1
0.002,1
0.002,1
0.002,1
0.002,1
0.002,1
0.002,1
0.002,1
0.002,1
0.002,1
0.002,1
0.002,1
0.002,1
0.002,1
0.002,1
0.002,1
0.002,1
0.002,1
0.002,1
0.002,1
0.002,1
0.002,1
0.002,1
0.002,1
0.002,1
0.002,1
0.002,1
0.002,1
0.002,1
0.002,1
0.002,1
0.002,1
0.002,1
0.002,1
0.002,1
0.002,1
0.002,1
0.002,1
0.002,1
0.002,1
0.002,1
0.002,1
0.002,1
0.002,1
0.002,1
0.002,1
0.002,1
0.002,1
0.002,1
0.002,1
0.002,1
0.002,1
0.002,1
0.002,1
0.002,1
0.002,1
0.002,1
0.002,1
0.002,1
0.002,1
0.002,1
0.002,1
0.002,1
0.002,1
0.002,1
0.002,1
0.002,1
0.002,1
0.002,1
0.002,1
0.002,1
0.002,1
0.002,1
0.002,1
0.002,1
0.002,1
0.002,1
0.002,1
0.002,1
0.002,1
0.002,1
0.002,1
0.002,1
0.002,1
0.002,1
0.002,1
0.002,1
0.002,1
0.002,1
0.002,1
0.002,1
0.002,1
0.002,1
0.002,1
0.002,1
0.002,1
0.002,1
0.002,1
0.002,1
0.002,1
0.002,1
0.002,1
0.002,1
0.002,1
0.002,1
0.002,1
0.002,1
0.002,1
0.002,1
0.002,1
0.002,1
0.002,1
0.002,1
0.002,1
0.002,1
0.002,1
0.002,1
0.002,1
0.002,1
0.002,1
0.002,1
0.002,1
0.002,1
0.002,1
0.002,1
0.002,1
0.002,1
0.002,1
0.002,1
0.002,1
0.002,1
0.002,1
0.002,1
0.002,1
0.002,1
0.002,1
0.002,1
0.002,1
0.002,1
0.002,1
0.002,1
0.002,1
0.002,1
0.002,1
0.002,1
0.002,1
0.002,1
0.002,1
0.002,1
0.002,1
0.002,1
0.002,1
0.002,1
0.002,1
0.002,1
0.002,1
0.002,1
0.002,1
0.002,1
0.002,1
0.002,1
0.002,1
0.002,1
0.002,1
0.002,1
0.002,1
0.002,1
0.002,1
0.002,1
0.002,1
0.002,1
0.002,1
0.002,1
0.002,1
0.002,1
0.002,1
0.002,1
0.002,1
0.002,1
0.002,1
0.002,1
0.002,1
0.002,1
0.002,1
0.002,1
0.002,1
0.002,1
0.002,1
0.002,1
0.002,1
0.002,1
0.002,1
0.002,1
0.002,1
0.002,1
0.002,1
0.002,1
0.002,1
0.002,1
0.002,1
0.002,1
0.002,1
0.002,1
0.002,1
0.002,1
0.002,1
0.002,1
0.002,1
0.002,1
0.002,1
0.002,1
0.002,1
0.002,1
0.002,1
0.002,1
0.002,1
0.002,1
0.002,1
0.002,1
0.002,1
0.002,1
0.002,1
0.002,1
0.002,1
0.002,1
0.002,1
0.002,1
0.002,1
0.002,1
0.002,1
0.002,1
0.002,1
0.002,1
0.002,1
0.002,1
0.002,1
0.002,1
0.002,1
0.002,1
0.002,1
0.002,1
0.002,1
0.002,1
0.002,1
0.002,1
0.002,1
0.002,1
0.002,1
0.002,1
0.002,1
0.002,1
0.002,1
0.002,1
0.002,1
0.002,1
0.002,1
0.002,1
0.002,1
0.002,1
0.002,1
0.002,1
0.002,1
0.002,1
0.002,1
0.002,1
0.002,1
0.002,1
0.002,1
0.002,1
0.002,1
0.002,1
0.002,1
0.002,1
0.002,1
0.002,1
0.002,1
0.002,1
0.002,1
0.002,1
0.002,1
0.002,1
0.002,1
0.002,1
0.002,1
0.002,1
0.002,1
0.002,1
0.002,1
0.002,1
0.002,1
0.002,1
0.002,1
0.002,1
0.002,1
0.002,1
0.002,1
0.002,1
0.002,1
0.002,1
0.002,1
0.002,1
0.002,1
0.002,1
0.002,1
0.002,1
0.002,1
0.002,1
0.002,1
0.002,1
0.002,1
0.002,1
0.002,1
0.002,1
0.002,1
0.002,1
0.002,1
0.002,1
0.002,1
0.002,1
0.002,1
0.002,1
0.002,1
0.002,1
0.002,1
0.002,1
0.002,1
0.002,1
0.002,1
0.002,1
0.002,1
0.002,1
0.002,1
0.002,1
0.002,1
0.002,1
0.002,1
0.002,1
0.002,1
0.002,1
0.002,1
0.002,1
0.002,1
0.002,1
0.002,1
0.002,1
0.002,1
0.002,1
0.002,1
0.002,1
0.002,1
0.002,1
0.002,1
0.002,1
0.002,1
0.002,1
0.002,1
0.002,1
0.002,1
0.002,1
0.002,1
0.002,1
0.002,1
0.002,1
0.002,1
0.002,1
0.002,1
0.002,1
0.002,1
0.002,1
0.002,1
0.002,1
0.002,1
0.002,1
0.002,1
0.002,1
0.002,1
0.002,1
0.002,1
0.002,1
0.002,1
0.002,1
0.002,1
0.002,1
0.002,1
0.002,1
0.002,1
0.002,1
0.002,1
0.002,1
0.002,1
0.002,1
0.002,1
0.002,1
0.002,1
0.002,1
0.002,1
0.002,1
0.002,1
0.002,1
0.002,1
0.002,1
0.002,1
0.002,1
0.002,1
0.002,1
0.002,1
0.002,1
0.002,1
0.002,1
0.002,1
0.002,1
0.002,1
0.002,1
0.002,1
0.002,1
0.002,1
0.002,1
0.002,1
0.002,1
0.002,1
0.002,1
0.002,1
0.002,1
0.002,1
0.002,1
0.002,1
0.002,1
0.002,1
0.002,1
0.002,1
0.002,1
0.002,1
0.002,1
0.002,1
0.002,1
0.002,1
0.002,1
0.002,1
0.002,1
0.002,1
0.002,1
0.002,1
0.002,1
0.002,1
0.002,1
0.002,1
0.002,1
0.002,1
0.002,1
0.002,1
0.002,1
0.002,1
0.002,1
0.002,1
0.002,1
0.002,1
0.002,1
0.002,1
0.002,1
0.002,1
0.002,1
0.002,1
0.002,1
0.002,1
0.002,1
0.002,1
0.002,1
0.002,1
0.002,1
0.002,1
0.002,1
0.002,1
0.002,1
0.002,1
0.002,1
0.002,1
0.002,1
0.002,1
0.002,1
0.002,1
0.002,1
0.002,1
0.002,1
0.002,1
0.002,1
0.002,1
0.002,1
0.002,1
0.002,1
0.002,1
0.002,1
0.002,1
0.002,1
0.002,1
0.002,1
0.002,1
0.002,1
0.002,1
0.002,1
0.002,1
0.002,1
0.002,1
0.002,1
0.002,1
0.002,1
0.002,1
0.002,1
0.002,1
0.002,1
0.002,1
0.002,1
0.002,1
0.002,1
0.002,1
0.002,1
0.002,1
0.002,1
0.002,1
0.002,1
0.002,1
0.002,1
0.002,1
0.002,1
0.002,1
0.002,1
0.002,1
0.002,1
0.002,1
0.002,1
0.002,1
0.002,1
0.002,1
0.002,1
0.002,1
0.002,1
0.002,1
0.002,1
0.002,1
0.002,1
0.002,1
0.002,1
0.002,1
0.002,1
0.002,1
0.002,1
0.002,1
0.002,1
0.002,1
0.002,1
0.002,1
0.002,1
0.002,1
0.002,1
0.002,1
0.002,1
0.002,1
0.002,1
0.002,1
0.002,1
0.002,1
0.002,1
0.002,1
0.002,1
0.002,1
0.002,1
0.002,1
0.002,1
0.002,1
0.002,1
0.002,1
0.002,1
0.002,1
0.002,1
0.002,1
0.002,1
0.002,1
0.002,1
0.002,1
0.002,1
0.002,1
0.002,1
0.002,1
0.002,1
0.002,1
0.002,1
0.002,1
0.002,1
0.002,1
0.002,1
0.002,1
0.002,1
0.002,1
0.002,1
0.002,1
0.002,1
0.002,1
0.002,1
0.002,1
0.002,1
0.002,1
0.002,1
0.002,1
0.002,1
0.002,1
0.002,1
0.002,1
0.002,1
0.002,1
0.002,1
0.002,1
0.002,1
0.002,1
0.002,1
0.002,1
0.002,1
0.002,1
0.002,1
0.002,1
0.002,1
0.002,1
0.002,1
0.002,1
0.002,1
0.002,1
0.002,1
0.002,1
0.002,1
0.002,1
0.002,1
0.002,1
0.002,1
0.002,1
0.002,1
0.002,1
0.002,1
0.002,1
0.002,1
0.002,1
0.002,1
0.002,1
0.002,1
0.002,1
0.002,1
0.002,1
0.002,1
0.002,1
0.002,1
0.002,1
0.002,1
0.002,1
0.002,1
0.002,1
0.002,1
0.002,1
0.002,1
0.002,1
0.002,1
0.002,1
0.002,1
0.002,1
0.002,1
0.002,1
0.002,1
0.002,1
0.002,1
0.002,1
0.002,1
0.002,1
0.002,1
0.002,1
0.002,1
0.002,1
0.002,1
0.002,1
0.002,1
0.002,1
0.002,1
0.002,1
0.002,1
0.002,1
0.002,1
0.002,1
0.002,1
0.002,1
0.002,1
0.002,1
0.002,1
0.002,1
0.002,1
0.002,1
0.002,1
0.002,1
0.002,1
0.002,1
0.002,1
0.002,1
0.002,1
0.002,1
0.002,1
0.002,1
0.002,1
0.002,1
0.002,1
0.002,1
0.002,1
0.002,1
0.002,1
0.002,1
0.002,1
0.002,1
0.002,1
0.002,1
0.002,1
0.002,1
0.002,1
0.002,1
0.002,1
0.002,1
0.002,1
0.002,1
0.002,1
0.002,1
0.002,1
0.002,1
0.002,1
0.002,1
0.002,1
0.002,1
0.002,1
0.002,1
0.002,1
0.002,1
0.002,1
0.002,1
0.002,1
0.002,1
0.002,1
0.002,1
0.002,1
0.002,1
0.002,1
0.002,1
0.002,1
0.002,1
0.002,1
0.002,1
0.002,1
0.002,1
0.002,1
0.002,1
0.002,1
0.002,1
0.002,1
0.002,1
0.002,1
0.002,1
0.002,1
0.002,1
0.002,1
0.002,1
0.002,1
0.002,1
0.002,1
0.002,1
0.002,1
0.002,1
0.002,1
0.002,1
0.002,1
0.002,1
0.002,1
0.002,1
0.002,1
0.002,1
0.002,1
0.002,1
0.002,1
0.002,1
0.002,1
0.002,1
0.002,0
0.002,0
0.002,0
0.002,0
0.002,0
0.002,0
0.002,0
0.002,0
0.002,0
0.002,0
0.002,0
0.002,0
0.002,0
0.002,0
0.002,0
0.002,0
0.002,0
0.002,0
0.002,0
0.002,0
0.002,0
0.002,0
0.002,0
0.002,0
0.002,0
0.002,0
0.002,0
0.002,0
0.002,0
0.002,0
0.002,0
0.002,0
0.002,0
0.002,0
0.002,0
0.002,0
0.002,0
0.002,0
0.002,0
0.002,0
0.002,0
0.002,0
0.002,0
0.002,0
0.002,0
0.002,0
0.002,0
0.002,0
0.002,0
0.002,0
0.002,0
0.002,0
0.002,0
0.002,0
0.002,0
0.002,0
0.002,0
0.002,0
0.002,0
0.002,0
0.002,0
0.002,0
0.002,0
0.002,0
0.002,0
0.002,0
0.002,0
0.002,0
0.002,0
0.002,0
0.002,0
0.002,0
0.002,0
0.002,0
0.002,0
0.002,0
0.002,0
0.002,0
0.002,0
0.002,0
0.002,0
0.002,0
0.002,0
0.002,0
0.002,0
0.002,0
0.002,0
0.002,0
0.002,0
0.002,0
0.002,0
0.002,0
0.002,0
0.002,0
0.002,0
0.002,0
0.002,0
0.002,0
0.002,0
0.002,0
0.002,0
0.002,0
0.002,0
0.002,0
0.002,0
0.002,0
0.002,0
0.002,0
0.002,0
0.002,0
0.002,0
0.002,0
0.002,0
0.002,0
0.002,0
0.002,0
0.002,0
0.002,0
0.002,0
0.002,0
0.002,0
0.002,0
0.002,0
0.002,0
0.002,0
0.002,0
0.002,0
0.002,0
0.002,0
0.002,0
0.002,0
0.002,0
0.002,0
0.002,0
0.002,0
0.005,1
0.005,1
0.005,1
0.005,1
0.005,1
0.005,1
0.005,1
0.005,1
0.005,1
0.005,1
0.005,1
0.005,1
0.005,1
0.005,1
0.005,1
0.005,1
0.005,1
0.005,1
0.005,1
0.005,1
0.005,1
0.005,1
0.005,1
0.005,1
0.005,1
0.005,1
0.005,1
0.005,1
0.005,1
0.005,1
0.005,1
0.005,1
0.005,1
0.005,1
0.005,1
0.005,1
0.005,1
0.005,1
0.005,1
0.005,1
0.005,1
0.005,1
0.005,1
0.005,1
0.005,1
0.005,1
0.005,1
0.005,1
0.005,1
0.005,1
0.005,1
0.005,1
0.005,1
0.005,1
0.005,1
0.005,1
0.005,1
0.005,1
0.005,1
0.005,1
0.005,1
0.005,1
0.005,1
0.005,1
0.005,1
0.005,1
0.005,1
0.005,1
0.005,1
0.005,1
0.005,1
0.005,1
0.005,1
0.005,1
0.005,1
0.005,1
0.005,1
0.005,1
0.005,1
0.005,1
0.005,1
0.005,1
0.005,1
0.005,1
0.005,1
0.005,1
0.005,1
0.005,1
0.005,1
0.005,1
0.005,1
0.005,1
0.005,1
0.005,1
0.005,1
0.005,1
0.005,1
0.005,1
0.005,1
0.005,1
0.005,1
0.005,1
0.005,1
0.005,1
0.005,1
0.005,1
0.005,1
0.005,1
0.005,1
0.005,1
0.005,1
0.005,1
0.005,1
0.005,1
0.005,1
0.005,1
0.005,1
0.005,1
0.005,1
0.005,1
0.005,1
0.005,1
0.005,1
0.005,1
0.005,1
0.005,1
0.005,1
0.005,1
0.005,1
0.005,1
0.005,1
0.005,1
0.005,1
0.005,1
0.005,1
0.005,1
0.005,1
0.005,1
0.005,1
0.005,1
0.005,1
0.005,1
0.005,1
0.005,1
0.005,1
0.005,1
0.005,1
0.005,1
0.005,1
0.005,1
0.005,1
0.005,1
0.005,1
0.005,1
0.005,1
0.005,1
0.005,1
0.005,1
0.005,1
0.005,1
0.005,1
0.005,1
0.005,1
0.005,1
0.005,1
0.005,1
0.005,1
0.005,1
0.005,1
0.005,1
0.005,1
0.005,1
0.005,1
0.005,1
0.005,1
0.005,1
0.005,1
0.005,1
0.005,1
0.005,1
0.005,1
0.005,1
0.005,1
0.005,1
0.005,1
0.005,1
0.005,1
0.005,1
0.005,1
0.005,1
0.005,1
0.005,1
0.005,1
0.005,1
0.005,1
0.005,1
0.005,1
0.005,1
0.005,1
0.005,1
0.005,1
0.005,1
0.005,1
0.005,1
0.005,1
0.005,1
0.005,1
0.005,1
0.005,1
0.005,1
0.005,1
0.005,1
0.005,1
0.005,1
0.005,1
0.005,1
0.005,1
0.005,1
0.005,1
0.005,1
0.005,1
0.005,1
0.005,1
0.005,1
0.005,1
0.005,1
0.005,1
0.005,1
0.005,1
0.005,1
0.005,1
0.005,1
0.005,1
0.005,1
0.005,1
0.005,1
0.005,1
0.005,1
0.005,1
0.005,1
0.005,1
0.005,1
0.005,1
0.005,1
0.005,1
0.005,1
0.005,1
0.005,1
0.005,1
0.005,1
0.005,1
0.005,1
0.005,1
0.005,1
0.005,1
0.005,1
0.005,1
0.005,1
0.005,1
0.005,1
0.005,1
0.005,1
0.005,1
0.005,1
0.005,1
0.005,1
0.005,1
0.005,1
0.005,1
0.005,1
0.005,1
0.005,1
0.005,1
0.005,1
0.005,1
0.005,1
0.005,1
0.005,1
0.005,1
0.005,1
0.005,1
0.005,1
0.005,1
0.005,1
0.005,1
0.005,1
0.005,1
0.005,1
0.005,1
0.005,1
0.005,1
0.005,1
0.005,1
0.005,1
0.005,1
0.005,1
0.005,1
0.005,1
0.005,1
0.005,1
0.005,1
0.005,1
0.005,1
0.005,1
0.005,1
0.005,1
0.005,1
0.005,1
0.005,1
0.005,1
0.005,1
0.005,1
0.005,1
0.005,1
0.005,1
0.005,1
0.005,1
0.005,1
0.005,1
0.005,1
0.005,1
0.005,1
0.005,1
0.005,1
0.005,1
0.005,1
0.005,1
0.005,1
0.005,1
0.005,1
0.005,1
0.005,1
0.005,1
0.005,1
0.005,1
0.005,1
0.005,1
0.005,1
0.005,1
0.005,1
0.005,1
0.005,1
0.005,1
0.005,1
0.005,1
0.005,1
0.005,1
0.005,1
0.005,1
0.005,1
0.005,1
0.005,1
0.005,1
0.005,1
0.005,1
0.005,1
0.005,1
0.005,1
0.005,1
0.005,1
0.005,1
0.005,1
0.005,1
0.005,1
0.005,1
0.005,1
0.005,1
0.005,1
0.005,1
0.005,1
0.005,1
0.005,1
0.005,1
0.005,1
0.005,1
0.005,1
0.005,1
0.005,1
0.005,1
0.005,1
0.005,1
0.005,1
0.005,1
0.005,1
0.005,1
0.005,1
0.005,1
0.005,1
0.005,1
0.005,1
0.005,1
0.005,1
0.005,1
0.005,1
0.005,1
0.005,1
0.005,1
0.005,1
0.005,1
0.005,1
0.005,1
0.005,1
0.005,1
0.005,1
0.005,1
0.005,1
0.005,1
0.005,1
0.005,1
0.005,1
0.005,1
0.005,1
0.005,1
0.005,1
0.005,1
0.005,1
0.005,1
0.005,1
0.005,1
0.005,1
0.005,1
0.005,1
0.005,1
0.005,1
0.005,1
0.005,1
0.005,1
0.005,1
0.005,1
0.005,1
0.005,1
0.005,1
0.005,1
0.005,1
0.005,1
0.005,1
0.005,1
0.005,1
0.005,1
0.005,1
0.005,1
0.005,1
0.005,1
0.005,1
0.005,1
0.005,1
0.005,1
0.005,1
0.005,1
0.005,1
0.005,1
0.005,1
0.005,1
0.005,1
0.005,1
0.005,1
0.005,1
0.005,1
0.005,1
0.005,1
0.005,1
0.005,1
0.005,1
0.005,1
0.005,1
0.005,1
0.005,1
0.005,1
0.005,1
0.005,1
0.005,1
0.005,1
0.005,1
0.005,1
0.005,1
0.005,1
0.005,1
0.005,1
0.005,1
0.005,1
0.005,1
0.005,1
0.005,1
0.005,1
0.005,1
0.005,1
0.005,1
0.005,1
0.005,1
0.005,1
0.005,1
0.005,1
0.005,1
0.005,1
0.005,1
0.005,1
0.005,1
0.005,1
0.005,1
0.005,1
0.005,1
0.005,1
0.005,1
0.005,1
0.005,1
0.005,1
0.005,1
0.005,1
0.005,1
0.005,1
0.005,1
0.005,1
0.005,1
0.005,1
0.005,1
0.005,1
0.005,1
0.005,1
0.005,1
0.005,1
0.005,1
0.005,1
0.005,1
0.005,1
0.005,1
0.005,1
0.005,1
0.005,1
0.005,1
0.005,1
0.005,1
0.005,1
0.005,1
0.005,1
0.005,1
0.005,1
0.005,1
0.005,1
0.005,1
0.005,1
0.005,1
0.005,1
0.005,1
0.005,1
0.005,1
0.005,1
0.005,1
0.005,1
0.005,1
0.005,1
0.005,1
0.005,1
0.005,1
0.005,1
0.005,1
0.005,1
0.005,1
0.005,1
0.005,1
0.005,1
0.005,1
0.005,1
0.005,1
0.005,1
0.005,1
0.005,1
0.005,1
0.005,1
0.005,1
0.005,1
0.005,1
0.005,1
0.005,1
0.005,1
0.005,1
0.005,1
0.005,1
0.005,1
0.005,1
0.005,1
0.005,1
0.005,1
0.005,1
0.005,1
0.005,1
0.005,1
0.005,1
0.005,1
0.005,1
0.005,1
0.005,1
0.005,1
0.005,1
0.005,1
0.005,1
0.005,1
0.005,1
0.005,1
0.005,1
0.005,1
0.005,1
0.005,1
0.005,1
0.005,1
0.005,1
0.005,1
0.005,1
0.005,1
0.005,1
0.005,1
0.005,1
0.005,1
0.005,1
0.005,1
0.005,1
0.005,1
0.005,1
0.005,1
0.005,1
0.005,1
0.005,1
0.005,1
0.005,1
0.005,1
0.005,1
0.005,1
0.005,1
0.005,1
0.005,1
0.005,1
0.005,1
0.005,1
0.005,1
0.005,1
0.005,1
0.005,1
0.005,1
0.005,1
0.005,1
0.005,1
0.005,1
0.005,1
0.005,1
0.005,1
0.005,1
0.005,1
0.005,1
0.005,1
0.005,1
0.005,1
0.005,1
0.005,1
0.005,1
0.005,1
0.005,1
0.005,1
0.005,1
0.005,1
0.005,1
0.005,1
0.005,1
0.005,1
0.005,1
0.005,1
0.005,1
0.005,1
0.005,1
0.005,1
0.005,1
0.005,1
0.005,1
0.005,1
0.005,1
0.005,1
0.005,1
0.005,1
0.005,1
0.005,1
0.005,1
0.005,1
0.005,1
0.005,1
0.005,1
0.005,1
0.005,1
0.005,1
0.005,1
0.005,1
0.005,1
0.005,1
0.005,1
0.005,1
0.005,1
0.005,1
0.005,1
0.005,1
0.005,1
0.005,1
0.005,1
0.005,1
0.005,1
0.005,1
0.005,1
0.005,1
0.005,1
0.005,1
0.005,1
0.005,1
0.005,1
0.005,1
0.005,1
0.005,1
0.005,1
0.005,1
0.005,1
0.005,1
0.005,1
0.005,1
0.005,1
0.005,1
0.005,1
0.005,1
0.005,1
0.005,1
0.005,1
0.005,1
0.005,1
0.005,1
0.005,1
0.005,1
0.005,1
0.005,1
0.005,1
0.005,1
0.005,1
0.005,1
0.005,1
0.005,1
0.005,1
0.005,1
0.005,1
0.005,1
0.005,1
0.005,1
0.005,1
0.005,1
0.005,1
0.005,1
0.005,1
0.005,1
0.005,1
0.005,1
0.005,1
0.005,1
0.005,1
0.005,1
0.005,1
0.005,1
0.005,1
0.005,1
0.005,1
0.005,1
0.005,1
0.005,1
0.005,1
0.005,1
0.005,1
0.005,1
0.005,1
0.005,1
0.005,1
0.005,1
0.005,1
0.005,1
0.005,1
0.005,1
0.005,1
0.005,1
0.005,1
0.005,1
0.005,1
0.005,1
0.005,1
0.005,1
0.005,1
0.005,1
0.005,1
0.005,1
0.005,1
0.005,1
0.005,1
0.005,1
0.005,1
0.005,1
0.005,1
0.005,1
0.005,1
0.005,1
0.005,1
0.005,1
0.005,1
0.005,1
0.005,1
0.005,1
0.005,1
0.005,1
0.005,1
0.005,1
0.005,1
0.005,1
0.005,1
0.005,1
0.005,1
0.005,1
0.005,1
0.005,1
0.005,1
0.005,1
0.005,1
0.005,1
0.005,1
0.005,1
0.005,1
0.005,1
0.005,1
0.005,1
0.005,1
0.005,1
0.005,1
0.005,1
0.005,1
0.005,1
0.005,1
0.005,1
0.005,1
0.005,1
0.005,1
0.005,1
0.005,1
0.005,1
0.005,1
0.005,1
0.005,1
0.005,1
0.005,1
0.005,1
0.005,1
0.005,1
0.005,1
0.005,1
0.005,1
0.005,1
0.005,1
0.005,1
0.005,1
0.005,1
0.005,1
0.005,1
0.005,1
0.005,1
0.005,1
0.005,1
0.005,1
0.005,1
0.005,1
0.005,1
0.005,1
0.005,1
0.005,1
0.005,1
0.005,1
0.005,1
0.005,1
0.005,1
0.005,1
0.005,1
0.005,1
0.005,1
0.005,1
0.005,1
0.005,1
0.005,1
0.005,1
0.005,1
0.005,1
0.005,1
0.005,1
0.005,1
0.005,1
0.005,1
0.005,1
0.005,1
0.005,1
0.005,1
0.005,1
0.005,1
0.005,1
0.005,1
0.005,1
0.005,1
0.005,1
0.005,1
0.005,1
0.005,1
0.005,1
0.005,1
0.005,1
0.005,1
0.005,1
0.005,1
0.005,1
0.005,1
0.005,1
0.005,1
0.005,1
0.005,1
0.005,1
0.005,1
0.005,1
0.005,1
0.005,1
0.005,1
0.005,1
0.005,1
0.005,1
0.005,1
0.005,1
0.005,1
0.005,1
0.005,1
0.005,1
0.005,1
0.005,1
0.005,1
0.005,1
0.005,1
0.005,1
0.005,1
0.005,1
0.005,1
0.005,1
0.005,1
0.005,1
0.005,1
0.005,1
0.005,1
0.005,1
0.005,1
0.005,1
0.005,1
0.005,1
0.005,1
0.005,1
0.005,1
0.005,1
0.005,1
0.005,1
0.005,1
0.005,1
0.005,1
0.005,1
0.005,1
0.005,1
0.005,1
0.005,1
0.005,1
0.005,1
0.005,1
0.005,1
0.005,1
0.005,1
0.005,1
0.005,1
0.005,1
0.005,1
0.005,1
0.005,1
0.005,1
0.005,1
0.005,1
0.005,1
0.005,1
0.005,1
0.005,1
0.005,1
0.005,1
0.005,1
0.005,1
0.005,1
0.005,1
0.005,1
0.005,1
0.005,1
0.005,1
0.005,0
0.005,0
0.005,0
0.005,0
0.005,0
0.005,0
0.01,1
0.01,1
0.01,1
0.01,1
0.01,1
0.01,1
0.01,1
0.01,1
0.01,1
0.01,1
0.01,1
0.01,1
0.01,1
0.01,1
0.01,1
0.01,1
0.01,1
0.01,1
0.01,1
0.01,1
0.01,1
0.01,1
0.01,1
0.01,1
0.01,1
0.01,1
0.01,1
0.01,1
0.01,1
0.01,1
0.01,1
0.01,1
0.01,1
0.01,1
0.01,1
0.01,1
0.01,1
0.01,1
0.01,1
0.01,1
0.01,1
0.01,1
0.01,1
0.01,1
0.01,1
0.01,1
0.01,1
0.01,1
0.01,1
0.01,1
0.01,1
0.01,1
0.01,1
0.01,1
0.01,1
0.01,1
0.01,1
0.01,1
0.01,1
0.01,1
0.01,1
0.01,1
0.01,1
0.01,1
0.01,1
0.01,1
0.01,1
0.01,1
0.01,1
0.01,1
0.01,1
0.01,1
0.01,1
0.01,1
0.01,1
0.01,1
0.01,1
0.01,1
0.01,1
0.01,1
0.01,1
0.01,1
0.01,1
0.01,1
0.01,1
0.01,1
0.01,1
0.01,1
0.01,1
0.01,1
0.01,1
0.01,1
0.01,1
0.01,1
0.01,1
0.01,1
0.01,1
0.01,1
0.01,1
0.01,1
0.01,1
0.01,1
0.01,1
0.01,1
0.01,1
0.01,1
0.01,1
0.01,1
0.01,1
0.01,1
0.01,1
0.01,1
0.01,1
0.01,1
0.01,1
0.01,1
0.01,1
0.01,1
0.01,1
0.01,1
0.01,1
0.01,1
0.01,1
0.01,1
0.01,1
0.01,1
0.01,1
0.01,1
0.01,1
0.01,1
0.01,1
0.01,1
0.01,1
0.01,1
0.01,1
0.01,1
0.01,1
0.01,1
0.01,1
0.01,1
0.01,1
0.01,1
0.01,1
0.01,1
0.01,1
0.01,1
0.01,1
0.01,1
0.01,1
0.01,1
0.01,1
0.01,1
0.01,1
0.01,1
0.01,1
0.01,1
0.01,1
0.01,1
0.01,1
0.01,1
0.01,1
0.01,1
0.01,1
0.01,1
0.01,1
0.01,1
0.01,1
0.01,1
0.01,1
0.01,1
0.01,1
0.01,1
0.01,1
0.01,1
0.01,1
0.01,1
0.01,1
0.01,1
0.01,1
0.01,1
0.01,1
0.01,1
0.01,1
0.01,1
0.01,1
0.01,1
0.01,1
0.01,1
0.01,1
0.01,1
0.01,1
0.01,1
0.01,1
0.01,1
0.01,1
0.01,1
0.01,1
0.01,1
0.01,1
0.01,1
0.01,1
0.01,1
0.01,1
0.01,1
0.01,1
0.01,1
0.01,1
0.01,1
0.01,1
0.01,1
0.01,1
0.01,1
0.01,1
0.01,1
0.01,1
0.01,1
0.01,1
0.01,1
0.01,1
0.01,1
0.01,1
0.01,1
0.01,1
0.01,1
0.01,1
0.01,1
0.01,1
0.01,1
0.01,1
0.01,1
0.01,1
0.01,1
0.01,1
0.01,1
0.01,1
0.01,1
0.01,1
0.01,1
0.01,1
0.01,1
0.01,1
0.01,1
0.01,1
0.01,1
0.01,1
0.01,1
0.01,1
0.01,1
0.01,1
0.01,1
0.01,1
0.01,1
0.01,1
0.01,1
0.01,1
0.01,1
0.01,1
0.01,1
0.01,1
0.01,1
0.01,1
0.01,1
0.01,1
0.01,1
0.01,1
0.01,1
0.01,1
0.01,1
0.01,1
0.01,1
0.01,1
0.01,1
0.01,1
0.01,1
0.01,1
0.01,1
0.01,1
0.01,1
0.01,1
0.01,1
0.01,1
0.01,1
0.01,1
0.01,1
0.01,1
0.01,1
0.01,1
0.01,1
0.01,1
0.01,1
0.01,1
0.01,1
0.01,1
0.01,1
0.01,1
0.01,1
0.01,1
0.01,1
0.01,1
0.01,1
0.01,1
0.01,1
0.01,1
0.01,1
0.01,1
0.01,1
0.01,1
0.01,1
0.01,1
0.01,1
0.01,1
0.01,1
0.01,1
0.01,1
0.01,1
0.01,1
0.01,1
0.01,1
0.01,1
0.01,1
0.01,1
0.01,1
0.01,1
0.01,1
0.01,1
0.01,1
0.01,1
0.01,1
0.01,1
0.01,1
0.01,1
0.01,1
0.01,1
0.01,1
0.01,1
0.01,1
0.01,1
0.01,1
0.01,1
0.01,1
0.01,1
0.01,1
0.01,1
0.01,1
0.01,1
0.01,1
0.01,1
0.01,1
0.01,1
0.01,1
0.01,1
0.01,1
0.01,1
0.01,1
0.01,1
0.01,1
0.01,1
0.01,1
0.01,1
0.01,1
0.01,1
0.01,1
0.01,1
0.01,1
0.01,1
0.01,1
0.01,1
0.01,1
0.01,1
0.01,1
0.01,1
0.01,1
0.01,1
0.01,1
0.01,1
0.01,1
0.01,1
0.01,1
0.01,1
0.01,1
0.01,1
0.01,1
0.01,1
0.01,1
0.01,1
0.01,1
0.01,1
0.01,1
0.01,1
0.01,1
0.01,1
0.01,1
0.01,1
0.01,1
0.01,1
0.01,1
0.01,1
0.01,1
0.01,1
0.01,1
0.01,1
0.01,1
0.01,1
0.01,1
0.01,1
0.01,1
0.01,1
0.01,1
0.01,1
0.01,1
0.01,1
0.01,1
0.01,1
0.01,1
0.01,1
0.01,1
0.01,1
0.01,1
0.01,1
0.01,1
0.01,1
0.01,1
0.01,1
0.01,1
0.01,1
0.01,1
0.01,1
0.01,1
0.01,1
0.01,1
0.01,1
0.01,1
0.01,1
0.01,1
0.01,1
0.01,1
0.01,1
0.01,1
0.01,1
0.01,1
0.01,1
0.01,1
0.01,1
0.01,1
0.01,1
0.01,1
0.01,1
0.01,1
0.01,1
0.01,1
0.01,1
0.01,1
0.01,1
0.01,1
0.01,1
0.01,1
0.01,1
0.01,1
0.01,1
0.01,1
0.01,1
0.01,1
0.01,1
0.01,1
0.01,1
0.01,1
0.01,1
0.01,1
0.01,1
0.01,1
0.01,1
0.01,1
0.01,1
0.01,1
0.01,1
0.01,1
0.01,1
0.01,1
0.01,1
0.01,1
0.01,1
0.01,1
0.01,1
0.01,1
0.01,1
0.01,1
0.01,1
0.01,1
0.01,1
0.01,1
0.01,1
0.01,1
0.01,1
0.01,1
0.01,1
0.01,1
0.01,1
0.01,1
0.01,1
0.01,1
0.01,1
0.01,1
0.01,1
0.01,1
0.01,1
0.01,1
0.01,1
0.01,1
0.01,1
0.01,1
0.01,1
0.01,1
0.01,1
0.01,1
0.01,1
0.01,1
0.01,1
0.01,1
0.01,1
0.01,1
0.01,1
0.01,1
0.01,1
0.01,1
0.01,1
0.01,1
0.01,1
0.01,1
0.01,1
0.01,1
0.01,1
0.01,1
0.01,1
0.01,1
0.01,1
0.01,1
0.01,1
0.01,1
0.01,1
0.01,1
0.01,1
0.01,1
0.01,1
0.01,1
0.01,1
0.01,1
0.01,1
0.01,1
0.01,1
0.01,1
0.01,1
0.01,1
0.01,1
0.01,1
0.01,1
0.01,1
0.01,1
0.01,1
0.01,1
0.01,1
0.01,1
0.01,1
0.01,1
0.01,1
0.01,1
0.01,1
0.01,1
0.01,1
0.01,1
0.01,1
0.01,1
0.01,1
0.01,1
0.01,1
0.01,1
0.01,1
0.01,1
0.01,1
0.01,1
0.01,1
0.01,1
0.01,1
0.01,1
0.01,1
0.01,1
0.01,1
0.01,1
0.01,1
0.01,1
0.01,1
0.01,1
0.01,1
0.01,1
0.01,1
0.01,1
0.01,1
0.01,1
0.01,1
0.01,1
0.01,1
0.01,1
0.01,1
0.01,1
0.01,1
0.01,1
0.01,1
0.01,1
0.01,1
0.01,1
0.01,1
0.01,1
0.01,1
0.01,1
0.01,1
0.01,1
0.01,1
0.01,1
0.01,1
0.01,1
0.01,1
0.01,1
0.01,1
0.01,1
0.01,1
0.01,1
0.01,1
0.01,1
0.01,1
0.01,1
0.01,1
0.01,1
0.01,1
0.01,1
0.01,1
0.01,1
0.01,1
0.01,1
0.01,1
0.01,1
0.01,1
0.01,1
0.01,1
0.01,1
0.01,1
0.01,1
0.01,1
0.01,1
0.01,1
0.01,1
0.01,1
0.01,1
0.01,1
0.01,1
0.01,1
0.01,1
0.01,1
0.01,1
0.01,1
0.01,1
0.01,1
0.01,1
0.01,1
0.01,1
0.01,1
0.01,1
0.01,1
0.01,1
0.01,1
0.01,1
0.01,1
0.01,1
0.01,1
0.01,1
0.01,1
0.01,1
0.01,1
0.01,1
0.01,1
0.01,1
0.01,1
0.01,1
0.01,1
0.01,1
0.01,1
0.01,1
0.01,1
0.01,1
0.01,1
0.01,1
0.01,1
0.01,1
0.01,1
0.01,1
0.01,1
0.01,1
0.01,1
0.01,1
0.01,1
0.01,1
0.01,1
0.01,1
0.01,1
0.01,1
0.01,1
0.01,1
0.01,1
0.01,1
0.01,1
0.01,1
0.01,1
0.01,1
0.01,1
0.01,1
0.01,1
0.01,1
0.01,1
0.01,1
0.01,1
0.01,1
0.01,1
0.01,1
0.01,1
0.01,1
0.01,1
0.01,1
0.01,1
0.01,1
0.01,1
0.01,1
0.01,1
0.01,1
0.01,1
0.01,1
0.01,1
0.01,1
0.01,1
0.01,1
0.01,1
0.01,1
0.01,1
0.01,1
0.01,1
0.01,1
0.01,1
0.01,1
0.01,1
0.01,1
0.01,1
0.01,1
0.01,1
0.01,1
0.01,1
0.01,1
0.01,1
0.01,1
0.01,1
0.01,1
0.01,1
0.01,1
0.01,1
0.01,1
0.01,1
0.01,1
0.01,1
0.01,1
0.01,1
0.01,1
0.01,1
0.01,1
0.01,1
0.01,1
0.01,1
0.01,1
0.01,1
0.01,1
0.01,1
0.01,1
0.01,1
0.01,1
0.01,1
0.01,1
0.01,1
0.01,1
0.01,1
0.01,1
0.01,1
0.01,1
0.01,1
0.01,1
0.01,1
0.01,1
0.01,1
0.01,1
0.01,1
0.01,1
0.01,1
0.01,1
0.01,1
0.01,1
0.01,1
0.01,1
0.01,1
0.01,1
0.01,1
0.01,1
0.01,1
0.01,1
0.01,1
0.01,1
0.01,1
0.01,1
0.01,1
0.01,1
0.01,1
0.01,1
0.01,1
0.01,1
0.01,1
0.01,1
0.01,1
0.01,1
0.01,1
0.01,1
0.01,1
0.01,1
0.01,1
0.01,1
0.01,1
0.01,1
0.01,1
0.01,1
0.01,1
0.01,1
0.01,1
0.01,1
0.01,1
0.01,1
0.01,1
0.01,1
0.01,1
0.01,1
0.01,1
0.01,1
0.01,1
0.01,1
0.01,1
0.01,1
0.01,1
0.01,1
0.01,1
0.01,1
0.01,1
0.01,1
0.01,1
0.01,1
0.01,1
0.01,1
0.01,1
0.01,1
0.01,1
0.01,1
0.01,1
0.01,1
0.01,1
0.01,1
0.01,1
0.01,1
0.01,1
0.01,1
0.01,1
0.01,1
0.01,1
0.01,1
0.01,1
0.01,1
0.01,1
0.01,1
0.01,1
0.01,1
0.01,1
0.01,1
0.01,1
0.01,1
0.01,1
0.01,1
0.01,1
0.01,1
0.01,1
0.01,1
0.01,1
0.01,1
0.01,1
0.01,1
0.01,1
0.01,1
0.01,1
0.01,1
0.01,1
0.01,1
0.01,1
0.01,1
0.01,1
0.01,1
0.01,1
0.01,1
0.01,1
0.01,1
0.01,1
0.01,1
0.01,1
0.01,1
0.01,1
0.01,1
0.01,1
0.01,1
0.01,1
0.01,1
0.01,1
0.01,1
0.01,1
0.01,1
0.01,1
0.01,1
0.01,1
0.01,1
0.01,1
0.01,1
0.01,1
0.01,1
0.01,1
0.01,1
0.01,1
0.01,1
0.01,1
0.01,1
0.01,1
0.01,1
0.01,1
0.01,1
0.01,1
0.01,1
0.01,1
0.01,1
0.01,1
0.01,1
0.01,1
0.01,1
0.01,1
0.01,1
0.01,1
0.01,1
0.01,1
0.01,1
0.01,1
0.01,1
0.01,1
0.01,1
0.01,1
0.01,1
0.01,1
0.01,1
0.01,1
0.01,1
0.01,1
0.01,1
0.01,1
0.01,1
0.01,1
0.01,1
0.01,1
0.01,1
0.01,1
0.01,1
0.01,1
0.01,1
0.01,1
0.01,1
0.01,1
0.01,1
0.01,1
0.01,1
0.01,1
0.01,1
0.01,1
0.01,1
0.01,1
0.01,1
0.01,1
0.01,1
0.01,1
0.01,1
0.01,1
0.01,1
0.01,1
0.01,1
0.01,1
0.01,1
0.01,1
0.01,1
0.01,1
0.02,1
0.02,1
0.02,1
0.02,1
0.02,1
0.02,1
0.02,1
0.02,1
0.02,1
0.02,1
0.02,1
0.02,1
0.02,1
0.02,1
0.02,1
0.02,1
0.02,1
0.02,1
0.02,1
0.02,1
0.02,1
0.02,1
0.02,1
0.02,1
0.02,1
0.02,1
0.02,1
0.02,1
0.02,1
0.02,1
0.02,1
0.02,1
0.02,1
0.02,1
0.02,1
0.02,1
0.02,1
0.02,1
0.02,1
0.02,1
0.02,1
0.02,1
0.02,1
0.02,1
0.02,1
0.02,1
0.02,1
0.02,1
0.02,1
0.02,1
0.02,1
0.02,1
0.02,1
0.02,1
0.02,1
0.02,1
0.02,1
0.02,1
0.02,1
0.02,1
0.02,1
0.02,1
0.02,1
0.02,1
0.02,1
0.02,1
0.02,1
0.02,1
0.02,1
0.02,1
0.02,1
0.02,1
0.02,1
0.02,1
0.02,1
0.02,1
0.02,1
0.02,1
0.02,1
0.02,1
0.02,1
0.02,1
0.02,1
0.02,1
0.02,1
0.02,1
0.02,1
0.02,1
0.02,1
0.02,1
0.02,1
0.02,1
0.02,1
0.02,1
0.02,1
0.02,1
0.02,1
0.02,1
0.02,1
0.02,1
0.02,1
0.02,1
0.02,1
0.02,1
0.02,1
0.02,1
0.02,1
0.02,1
0.02,1
0.02,1
0.02,1
0.02,1
0.02,1
0.02,1
0.02,1
0.02,1
0.02,1
0.02,1
0.02,1
0.02,1
0.02,1
0.02,1
0.02,1
0.02,1
0.02,1
0.02,1
0.02,1
0.02,1
0.02,1
0.02,1
0.02,1
0.02,1
0.02,1
0.02,1
0.02,1
0.02,1
0.02,1
0.02,1
0.02,1
0.02,1
0.02,1
0.02,1
0.02,1
0.02,1
0.02,1
0.02,1
0.02,1
0.02,1
0.02,1
0.02,1
0.02,1
0.02,1
0.02,1
0.02,1
0.02,1
0.02,1
0.02,1
0.02,1
0.02,1
0.02,1
0.02,1
0.02,1
0.02,1
0.02,1
0.02,1
0.02,1
0.02,1
0.02,1
0.02,1
0.02,1
0.02,1
0.02,1
0.02,1
0.02,1
0.02,1
0.02,1
0.02,1
0.02,1
0.02,1
0.02,1
0.02,1
0.02,1
0.02,1
0.02,1
0.02,1
0.02,1
0.02,1
0.02,1
0.02,1
0.02,1
0.02,1
0.02,1
0.02,1
0.02,1
0.02,1
0.02,1
0.02,1
0.02,1
0.02,1
0.02,1
0.02,1
0.02,1
0.02,1
0.02,1
0.02,1
0.02,1
0.02,1
0.02,1
0.02,1
0.02,1
0.02,1
0.02,1
0.02,1
0.02,1
0.02,1
0.02,1
0.02,1
0.02,1
0.02,1
0.02,1
0.02,1
0.02,1
0.02,1
0.02,1
0.02,1
0.02,1
0.02,1
0.02,1
0.02,1
0.02,1
0.02,1
0.02,1
0.02,1
0.02,1
0.02,1
0.02,1
0.02,1
0.02,1
0.02,1
0.02,1
0.02,1
0.02,1
0.02,1
0.02,1
0.02,1
0.02,1
0.02,1
0.02,1
0.02,1
0.02,1
0.02,1
0.02,1
0.02,1
0.02,1
0.02,1
0.02,1
0.02,1
0.02,1
0.02,1
0.02,1
0.02,1
0.02,1
0.02,1
0.02,1
0.02,1
0.02,1
0.02,1
0.02,1
0.02,1
0.02,1
0.02,1
0.02,1
0.02,1
0.02,1
0.02,1
0.02,1
0.02,1
0.02,1
0.02,1
0.02,1
0.02,1
0.02,1
0.02,1
0.02,1
0.02,1
0.02,1
0.02,1
0.02,1
0.02,1
0.02,1
0.02,1
0.02,1
0.02,1
0.02,1
0.02,1
0.02,1
0.02,1
0.02,1
0.02,1
0.02,1
0.02,1
0.02,1
0.02,1
0.02,1
0.02,1
0.02,1
0.02,1
0.02,1
0.02,1
0.02,1
0.02,1
0.02,1
0.02,1
0.02,1
0.02,1
0.02,1
0.02,1
0.02,1
0.02,1
0.02,1
0.02,1
0.02,1
0.02,1
0.02,1
0.02,1
0.02,1
0.02,1
0.02,1
0.02,1
0.02,1
0.02,1
0.02,1
0.02,1
0.02,1
0.02,1
0.02,1
0.02,1
0.02,1
0.02,1
0.02,1
0.02,1
0.02,1
0.02,1
0.02,1
0.02,1
0.02,1
0.02,1
0.02,1
0.02,1
0.02,1
0.02,1
0.02,1
0.02,1
0.02,1
0.02,1
0.02,1
0.02,1
0.02,1
0.02,1
0.02,1
0.02,1
0.02,1
0.02,1
0.02,1
0.02,1
0.02,1
0.02,1
0.02,1
0.02,1
0.02,1
0.02,1
0.02,1
0.02,1
0.02,1
0.02,1
0.02,1
0.02,1
0.02,1
0.02,1
0.02,1
0.02,1
0.02,1
0.02,1
0.02,1
0.02,1
0.02,1
0.02,1
0.02,1
0.02,1
0.02,1
0.02,1
0.02,1
0.02,1
0.02,1
0.02,1
0.02,1
0.02,1
0.02,1
0.02,1
0.02,1
0.02,1
0.02,1
0.02,1
0.02,1
0.02,1
0.02,1
0.02,1
0.02,1
0.02,1
0.02,1
0.02,1
0.02,1
0.02,1
0.02,1
0.02,1
0.02,1
0.02,1
0.02,1
0.02,1
0.02,1
0.02,1
0.02,1
0.02,1
0.02,1
0.02,1
0.02,1
0.02,1
0.02,1
0.02,1
0.02,1
0.02,1
0.02,1
0.02,1
0.02,1
0.02,1
0.02,1
0.02,1
0.02,1
0.02,1
0.02,1
0.02,1
0.02,1
0.02,1
0.02,1
0.02,1
0.02,1
0.02,1
0.02,1
0.02,1
0.02,1
0.02,1
0.02,1
0.02,1
0.02,1
0.02,1
0.02,1
0.02,1
0.02,1
0.02,1
0.02,1
0.02,1
0.02,1
0.02,1
0.02,1
0.02,1
0.02,1
0.02,1
0.02,1
0.02,1
0.02,1
0.02,1
0.02,1
0.02,1
0.02,1
0.02,1
0.02,1
0.02,1
0.02,1
0.02,1
0.02,1
0.02,1
0.02,1
0.02,1
0.02,1
0.02,1
0.02,1
0.02,1
0.02,1
0.02,1
0.02,1
0.02,1
0.02,1
0.02,1
0.02,1
0.02,1
0.02,1
0.02,1
0.02,1
0.02,1
0.02,1
0.02,1
0.02,1
0.02,1
0.02,1
0.02,1
0.02,1
0.02,1
0.02,1
0.02,1
0.02,1
0.02,1
0.02,1
0.02,1
0.02,1
0.02,1
0.02,1
0.02,1
0.02,1
0.02,1
0.02,1
0.02,1
0.02,1
0.02,1
0.02,1
0.02,1
0.02,1
0.02,1
0.02,1
0.02,1
0.02,1
0.02,1
0.02,1
0.02,1
0.02,1
0.02,1
0.02,1
0.02,1
0.02,1
0.02,1
0.02,1
0.02,1
0.02,1
0.02,1
0.02,1
0.02,1
0.02,1
0.02,1
0.02,1
0.02,1
0.02,1
0.02,1
0.02,1
0.02,1
0.02,1
0.02,1
0.02,1
0.02,1
0.02,1
0.02,1
0.02,1
0.02,1
0.02,1
0.02,1
0.02,1
0.02,1
0.02,1
0.02,1
0.02,1
0.02,1
0.02,1
0.02,1
0.02,1
0.02,1
0.02,1
0.02,1
0.02,1
0.02,1
0.02,1
0.02,1
0.02,1
0.02,1
0.02,1
0.02,1
0.02,1
0.02,1
0.02,1
0.02,1
0.02,1
0.02,1
0.02,1
0.02,1
0.02,1
0.02,1
0.02,1
0.02,1
0.02,1
0.02,1
0.02,1
0.02,1
0.02,1
0.02,1
0.02,1
0.02,1
0.02,1
0.02,1
0.02,1
0.02,1
0.02,1
0.02,1
0.02,1
0.02,1
0.02,1
0.02,1
0.02,1
0.02,1
0.02,1
0.02,1
0.02,1
0.02,1
0.02,1
0.02,1
0.02,1
0.02,1
0.02,1
0.02,1
0.02,1
0.02,1
0.02,1
0.02,1
0.02,1
0.02,1
0.02,1
0.02,1
0.02,1
0.02,1
0.02,1
0.02,1
0.02,1
0.02,1
0.02,1
0.02,1
0.02,1
0.02,1
0.02,1
0.02,1
0.02,1
0.02,1
0.02,1
0.02,1
0.02,1
0.02,1
0.02,1
0.02,1
0.02,1
0.02,1
0.02,1
0.02,1
0.02,1
0.02,1
0.02,1
0.02,1
0.02,1
0.02,1
0.02,1
0.02,1
0.02,1
0.02,1
0.02,1
0.02,1
0.02,1
0.02,1
0.02,1
0.02,1
0.02,1
0.02,1
0.02,1
0.02,1
0.02,1
0.02,1
0.02,1
0.02,1
0.02,1
0.02,1
0.02,1
0.02,1
0.02,1
0.02,1
0.02,1
0.02,1
0.02,1
0.02,1
0.02,1
0.02,1
0.02,1
0.02,1
0.02,1
0.02,1
0.02,1
0.02,1
0.02,1
0.02,1
0.02,1
0.02,1
0.02,1
0.02,1
0.02,1
0.02,1
0.02,1
0.02,1
0.02,1
0.02,1
0.02,1
0.02,1
0.02,1
0.02,1
0.02,1
0.02,1
0.02,1
0.02,1
0.02,1
0.02,1
0.02,1
0.02,1
0.02,1
0.02,1
0.02,1
0.02,1
0.02,1
0.02,1
0.02,1
0.02,1
0.02,1
0.02,1
0.02,1
0.02,1
0.02,1
0.02,1
0.02,1
0.02,1
0.02,1
0.02,1
0.02,1
0.02,1
0.02,1
0.02,1
0.02,1
0.02,1
0.02,1
0.02,1
0.02,1
0.02,1
0.02,1
0.02,1
0.02,1
0.02,1
0.02,1
0.02,1
0.02,1
0.02,1
0.02,1
0.02,1
0.02,1
0.02,1
0.02,1
0.02,1
0.02,1
0.02,1
0.02,1
0.02,1
0.02,1
0.02,1
0.02,1
0.02,1
0.02,1
0.02,1
0.02,1
0.02,1
0.02,1
0.02,1
0.02,1
0.02,1
0.02,1
0.02,1
0.02,1
0.02,1
0.02,1
0.02,1
0.02,1
0.02,1
0.02,1
0.02,1
0.02,1
0.02,1
0.02,1
0.02,1
0.02,1
0.02,1
0.02,1
0.02,1
0.02,1
0.02,1
0.02,1
0.02,1
0.02,1
0.02,1
0.02,1
0.02,1
0.02,1
0.02,1
0.02,1
0.02,1
0.02,1
0.02,1
0.02,1
0.02,1
0.02,1
0.02,1
0.02,1
0.02,1
0.02,1
0.02,1
0.02,1
0.02,1
0.02,1
0.02,1
0.02,1
0.02,1
0.02,1
0.02,1
0.02,1
0.02,1
0.02,1
0.02,1
0.02,1
0.02,1
0.02,1
0.02,1
0.02,1
0.02,1
0.02,1
0.02,1
0.02,1
0.02,1
0.02,1
0.02,1
0.02,1
0.02,1
0.02,1
0.02,1
0.02,1
0.02,1
0.02,1
0.02,1
0.02,1
0.02,1
0.02,1
0.02,1
0.02,1
0.02,1
0.02,1
0.02,1
0.02,1
0.02,1
0.02,1
0.02,1
0.02,1
0.02,1
0.02,1
0.02,1
0.02,1
0.02,1
0.02,1
0.02,1
0.02,1
0.02,1
0.02,1
0.02,1
0.02,1
0.02,1
0.02,1
0.02,1
0.02,1
0.02,1
0.02,1
0.02,1
0.02,1
0.02,1
0.02,1
0.02,1
0.02,1
0.02,1
0.02,1
0.02,1
0.02,1
0.02,1
0.02,1
0.02,1
0.02,1
0.02,1
0.02,1
0.02,1
0.02,1
0.02,1
0.02,1
0.02,1
0.02,1
0.02,1
0.02,1
0.02,1
0.02,1
0.02,1
0.02,1
0.02,1
0.02,1
0.02,1
0.02,1
0.02,1
0.02,1
0.02,1
0.02,1
0.02,1
0.02,1
0.02,1
0.02,1
0.02,1
0.02,1
0.02,1
0.02,1
0.02,1
0.02,1
0.02,1
0.02,1
0.02,1
0.02,1
0.02,1
0.02,1
0.02,1
0.02,1
0.02,1
0.02,1
0.02,1
0.02,1
0.02,1
0.02,1
0.02,1
0.02,1
0.02,1
0.02,1
0.02,1
0.02,1
0.02,1
0.02,1
0.02,1
0.02,1
0.02,1
0.02,1
0.02,1
0.02,1
0.02,1
0.02,1
0.02,1
0.02,1
0.02,1
0.02,1
0.02,1
0.02,1
0.02,1
0.02,1
0.02,1
0.02,1
0.02,1
0.02,1
0.02,1
0.02,1
0.02,1
0.02,1
0.02,1
0.02,1
0.02,1
0.02,1
0.02,1
0.02,1
0.02,1
0.02,1
0.02,1
0.02,1
0.02,1
0.02,1
0.02,1
0.02,1
0.02,1
0.02,1
0.02,1
0.02,1
0.02,1
0.02,1
0.02,1
0.02,1
0.02,1
0.02,1
0.05,1
0.05,1
0.05,1
0.05,1
0.05,1
0.05,1
0.05,1
0.05,1
0.05,1
0.05,1
0.05,1
0.05,1
0.05,1
0.05,1
0.05,1
0.05,1
0.05,1
0.05,1
0.05,1
0.05,1
0.05,1
0.05,1
0.05,1
0.05,1
0.05,1
0.05,1
0.05,1
0.05,1
0.05,1
0.05,1
0.05,1
0.05,1
0.05,1
0.05,1
0.05,1
0.05,1
0.05,1
0.05,1
0.05,1
0.05,1
0.05,1
0.05,1
0.05,1
0.05,1
0.05,1
0.05,1
0.05,1
0.05,1
0.05,1
0.05,1
0.05,1
0.05,1
0.05,1
0.05,1
0.05,1
0.05,1
0.05,1
0.05,1
0.05,1
0.05,1
0.05,1
0.05,1
0.05,1
0.05,1
0.05,1
0.05,1
0.05,1
0.05,1
0.05,1
0.05,1
0.05,1
0.05,1
0.05,1
0.05,1
0.05,1
0.05,1
0.05,1
0.05,1
0.05,1
0.05,1
0.05,1
0.05,1
0.05,1
0.05,1
0.05,1
0.05,1
0.05,1
0.05,1
0.05,1
0.05,1
0.05,1
0.05,1
0.05,1
0.05,1
0.05,1
0.05,1
0.05,1
0.05,1
0.05,1
0.05,1
0.05,1
0.05,1
0.05,1
0.05,1
0.05,1
0.05,1
0.05,1
0.05,1
0.05,1
0.05,1
0.05,1
0.05,1
0.05,1
0.05,1
0.05,1
0.05,1
0.05,1
0.05,1
0.05,1
0.05,1
0.05,1
0.05,1
0.05,1
0.05,1
0.05,1
0.05,1
0.05,1
0.05,1
0.05,1
0.05,1
0.05,1
0.05,1
0.05,1
0.05,1
0.05,1
0.05,1
0.05,1
0.05,1
0.05,1
0.05,1
0.05,1
0.05,1
0.05,1
0.05,1
0.05,1
0.05,1
0.05,1
0.05,1
0.05,1
0.05,1
0.05,1
0.05,1
0.05,1
0.05,1
0.05,1
0.05,1
0.05,1
0.05,1
0.05,1
0.05,1
0.05,1
0.05,1
0.05,1
0.05,1
0.05,1
0.05,1
0.05,1
0.05,1
0.05,1
0.05,1
0.05,1
0.05,1
0.05,1
0.05,1
0.05,1
0.05,1
0.05,1
0.05,1
0.05,1
0.05,1
0.05,1
0.05,1
0.05,1
0.05,1
0.05,1
0.05,1
0.05,1
0.05,1
0.05,1
0.05,1
0.05,1
0.05,1
0.05,1
0.05,1
0.05,1
0.05,1
0.05,1
0.05,1
0.05,1
0.05,1
0.05,1
0.05,1
0.05,1
0.05,1
0.05,1
0.05,1
0.05,1
0.05,1
0.05,1
0.05,1
0.05,1
0.05,1
0.05,1
0.05,1
0.05,1
0.05,1
0.05,1
0.05,1
0.05,1
0.05,1
0.05,1
0.05,1
0.05,1
0.05,1
0.05,1
0.05,1
0.05,1
0.05,1
0.05,1
0.05,1
0.05,1
0.05,1
0.05,1
0.05,1
0.05,1
0.05,1
0.05,1
0.05,1
0.05,1
0.05,1
0.05,1
0.05,1
0.05,1
0.05,1
0.05,1
0.05,1
0.05,1
0.05,1
0.05,1
0.05,1
0.05,1
0.05,1
0.05,1
0.05,1
0.05,1
0.05,1
0.05,1
0.05,1
0.05,1
0.05,1
0.05,1
0.05,1
0.05,1
0.05,1
0.05,1
0.05,1
0.05,1
0.05,1
0.05,1
0.05,1
0.05,1
0.05,1
0.05,1
0.05,1
0.05,1
0.05,1
0.05,1
0.05,1
0.05,1
0.05,1
0.05,1
0.05,1
0.05,1
0.05,1
0.05,1
0.05,1
0.05,1
0.05,1
0.05,1
0.05,1
0.05,1
0.05,1
0.05,1
0.05,1
0.05,1
0.05,1
0.05,1
0.05,1
0.05,1
0.05,1
0.05,1
0.05,1
0.05,1
0.05,1
0.05,1
0.05,1
0.05,1
0.05,1
0.05,1
0.05,1
0.05,1
0.05,1
0.05,1
0.05,1
0.05,1
0.05,1
0.05,1
0.05,1
0.05,1
0.05,1
0.05,1
0.05,1
0.05,1
0.05,1
0.05,1
0.05,1
0.05,1
0.05,1
0.05,1
0.05,1
0.05,1
0.05,1
0.05,1
0.05,1
0.05,1
0.05,1
0.05,1
0.05,1
0.05,1
0.05,1
0.05,1
0.05,1
0.05,1
0.05,1
0.05,1
0.05,1
0.05,1
0.05,1
0.05,1
0.05,1
0.05,1
0.05,1
0.05,1
0.05,1
0.05,1
0.05,1
0.05,1
0.05,1
0.05,1
0.05,1
0.05,1
0.05,1
0.05,1
0.05,1
0.05,1
0.05,1
0.05,1
0.05,1
0.05,1
0.05,1
0.05,1
0.05,1
0.05,1
0.05,1
0.05,1
0.05,1
0.05,1
0.05,1
0.05,1
0.05,1
0.05,1
0.05,1
0.05,1
0.05,1
0.05,1
0.05,1
0.05,1
0.05,1
0.05,1
0.05,1
0.05,1
0.05,1
0.05,1
0.05,1
0.05,1
0.05,1
0.05,1
0.05,1
0.05,1
0.05,1
0.05,1
0.05,1
0.05,1
0.05,1
0.05,1
0.05,1
0.05,1
0.05,1
0.05,1
0.05,1
0.05,1
0.05,1
0.05,1
0.05,1
0.05,1
0.05,1
0.05,1
0.05,1
0.05,1
0.05,1
0.05,1
0.05,1
0.05,1
0.05,1
0.05,1
0.05,1
0.05,1
0.05,1
0.05,1
0.05,1
0.05,1
0.05,1
0.05,1
0.05,1
0.05,1
0.05,1
0.05,1
0.05,1
0.05,1
0.05,1
0.05,1
0.05,1
0.05,1
0.05,1
0.05,1
0.05,1
0.05,1
0.05,1
0.05,1
0.05,1
0.05,1
0.05,1
0.05,1
0.05,1
0.05,1
0.05,1
0.05,1
0.05,1
0.05,1
0.05,1
0.05,1
0.05,1
0.05,1
0.05,1
0.05,1
0.05,1
0.05,1
0.05,1
0.05,1
0.05,1
0.05,1
0.05,1
0.05,1
0.05,1
0.05,1
0.05,1
0.05,1
0.05,1
0.05,1
0.05,1
0.05,1
0.05,1
0.05,1
0.05,1
0.05,1
0.05,1
0.05,1
0.05,1
0.05,1
0.05,1
0.05,1
0.05,1
0.05,1
0.05,1
0.05,1
0.05,1
0.05,1
0.05,1
0.05,1
0.05,1
0.05,1
0.05,1
0.05,1
0.05,1
0.05,1
0.05,1
0.05,1
0.05,1
0.05,1
0.05,1
0.05,1
0.05,1
0.05,1
0.05,1
0.05,1
0.05,1
0.05,1
0.05,1
0.05,1
0.05,1
0.05,1
0.05,1
0.05,1
0.05,1
0.05,1
0.05,1
0.05,1
0.05,1
0.05,1
0.05,1
0.05,1
0.05,1
0.05,1
0.05,1
0.05,1
0.05,1
0.05,1
0.05,1
0.05,1
0.05,1
0.05,1
0.05,1
0.05,1
0.05,1
0.05,1
0.05,1
0.05,1
0.05,1
0.05,1
0.05,1
0.05,1
0.05,1
0.05,1
0.05,1
0.05,1
0.05,1
0.05,1
0.05,1
0.05,1
0.05,1
0.05,1
0.05,1
0.05,1
0.05,1
0.05,1
0.05,1
0.05,1
0.05,1
0.05,1
0.05,1
0.05,1
0.05,1
0.05,1
0.05,1
0.05,1
0.05,1
0.05,1
0.05,1
0.05,1
0.05,1
0.05,1
0.05,1
0.05,1
0.05,1
0.05,1
0.05,1
0.05,1
0.05,1
0.05,1
0.05,1
0.05,1
0.05,1
0.05,1
0.05,1
0.05,1
0.05,1
0.05,1
0.05,1
0.05,1
0.05,1
0.05,1
0.05,1
0.05,1
0.05,1
0.05,1
0.05,1
0.05,1
0.05,1
0.05,1
0.05,1
0.05,1
0.05,1
0.05,1
0.05,1
0.05,1
0.05,1
0.05,1
0.05,1
0.05,1
0.05,1
0.05,1
0.05,1
0.05,1
0.05,1
0.05,1
0.05,1
0.05,1
0.05,1
0.05,1
0.05,1
0.05,1
0.05,1
0.05,1
0.05,1
0.05,1
0.05,1
0.05,1
0.05,1
0.05,1
0.05,1
0.05,1
0.05,1
0.05,1
0.05,1
0.05,1
0.05,1
0.05,1
0.05,1
0.05,1
0.05,1
0.05,1
0.05,1
0.05,1
0.05,1
0.05,1
0.05,1
0.05,1
0.05,1
0.05,1
0.05,1
0.05,1
0.05,1
0.05,1
0.05,1
0.05,1
0.05,1
0.05,1
0.05,1
0.05,1
0.05,1
0.05,1
0.05,1
0.05,1
0.05,1
0.05,1
0.05,1
0.05,1
0.05,1
0.05,1
0.05,1
0.05,1
0.05,1
0.05,1
0.05,1
0.05,1
0.05,1
0.05,1
0.05,1
0.05,1
0.05,1
0.05,1
0.05,1
0.05,1
0.05,1
0.05,1
0.05,1
0.05,1
0.05,1
0.05,1
0.05,1
0.05,1
0.05,1
0.05,1
0.05,1
0.05,1
0.05,1
0.05,1
0.05,1
0.05,1
0.05,1
0.05,1
0.05,1
0.05,1
0.05,1
0.05,1
0.05,1
0.05,1
0.05,1
0.05,1
0.05,1
0.05,1
0.05,1
0.05,1
0.05,1
0.05,1
0.05,1
0.05,1
0.05,1
0.05,1
0.05,1
0.05,1
0.05,1
0.05,1
0.05,1
0.05,1
0.05,1
0.05,1
0.05,1
0.05,1
0.05,1
0.05,1
0.05,1
0.05,1
0.05,1
0.05,1
0.05,1
0.05,1
0.05,1
0.05,1
0.05,1
0.05,1
0.05,1
0.05,1
0.05,1
0.05,1
0.05,1
0.05,1
0.05,1
0.05,1
0.05,1
0.05,1
0.05,1
0.05,1
0.05,1
0.05,1
0.05,1
0.05,1
0.05,1
0.05,1
0.05,1
0.05,1
0.05,1
0.05,1
0.05,1
0.05,1
0.05,1
0.05,1
0.05,1
0.05,1
0.05,1
0.05,1
0.05,1
0.05,1
0.05,1
0.05,1
0.05,1
0.05,1
0.05,1
0.05,1
0.05,1
0.05,1
0.05,1
0.05,1
0.05,1
0.05,1
0.05,1
0.05,1
0.05,1
0.05,1
0.05,1
0.05,1
0.05,1
0.05,1
0.05,1
0.05,1
0.05,1
0.05,1
0.05,1
0.05,1
0.05,1
0.05,1
0.05,1
0.05,1
0.05,1
0.05,1
0.05,1
0.05,1
0.05,1
0.05,1
0.05,1
0.05,1
0.05,1
0.05,1
0.05,1
0.05,1
0.05,1
0.05,1
0.05,1
0.05,1
0.05,1
0.05,1
0.05,1
0.05,1
0.05,1
0.05,1
0.05,1
0.05,1
0.05,1
0.05,1
0.05,1
0.05,1
0.05,1
0.05,1
0.05,1
0.05,1
0.05,1
0.05,1
0.05,1
0.05,1
0.05,1
0.05,1
0.05,1
0.05,1
0.05,1
0.05,1
0.05,1
0.05,1
0.05,1
0.05,1
0.05,1
0.05,1
0.05,1
0.05,1
0.05,1
0.05,1
0.05,1
0.05,1
0.05,1
0.05,1
0.05,1
0.05,1
0.05,1
0.05,1
0.05,1
0.05,1
0.05,1
0.05,1
0.05,1
0.05,1
0.05,1
0.05,1
0.05,1
0.05,1
0.05,1
0.05,1
0.05,1
0.05,1
0.05,1
0.05,1
0.05,1
0.05,1
0.05,1
0.05,1
0.05,1
0.05,1
0.05,1
0.05,1
0.05,1
0.05,1
0.05,1
0.05,1
0.05,1
0.05,1
0.05,1
0.05,1
0.05,1
0.05,1
0.05,1
0.05,1
0.05,1
0.05,1
0.05,1
0.05,1
0.05,1
0.05,1
0.05,1
0.05,1
0.05,1
0.05,1
0.05,1
0.05,1
0.05,1
0.05,1
0.05,1
0.05,1
0.05,1
0.05,1
0.05,1
0.05,1
0.05,1
0.05,1
0.05,1
0.05,1
0.05,1
0.05,1
0.05,1
0.05,1
0.05,1
0.05,1
0.05,1
0.05,1
0.05,1
0.05,1
0.05,1
0.05,1
0.05,1
0.05,1
0.05,1
0.05,1
0.05,1
0.05,1
0.05,1
0.05,1
0.05,1
0.05,1
0.05,1
0.05,1
0.05,1
0.05,1
0.05,1
0.05,1
0.05,1
0.05,1
0.05,1
0.05,1
0.05,1
0.05,1
0.05,1
0.05,1
0.05,1
0.05,1
0.05,1
0.05,1
0.05,1
0.05,1
0.05,1
0.05,1
0.05,1
0.05,1
0.05,1
0.05,1
0.05,1
0.05,1
0.05,1
0.05,1
0.05,1
0.05,1
0.05,1
0.05,1
0.05,1
0.05,1
0.05,1
0.05,1
0.05,1
0.05,1
0.05,1
0.05,1
0.05,1
0.05,1
0.05,1
0.1,1
0.1,1
0.1,1
0.1,1
0.1,1
0.1,1
0.1,1
0.1,1
0.1,1
0.1,1
0.1,1
0.1,1
0.1,1
0.1,1
0.1,1
0.1,1
0.1,1
0.1,1
0.1,1
0.1,1
0.1,1
0.1,1
0.1,1
0.1,1
0.1,1
0.1,1
0.1,1
0.1,1
0.1,1
0.1,1
0.1,1
0.1,1
0.1,1
0.1,1
0.1,1
0.1,1
0.1,1
0.1,1
0.1,1
0.1,1
0.1,1
0.1,1
0.1,1
0.1,1
0.1,1
0.1,1
0.1,1
0.1,1
0.1,1
0.1,1
0.1,1
0.1,1
0.1,1
0.1,1
0.1,1
0.1,1
0.1,1
0.1,1
0.1,1
0.1,1
0.1,1
0.1,1
0.1,1
0.1,1
0.1,1
0.1,1
0.1,1
0.1,1
0.1,1
0.1,1
0.1,1
0.1,1
0.1,1
0.1,1
0.1,1
0.1,1
0.1,1
0.1,1
0.1,1
0.1,1
0.1,1
0.1,1
0.1,1
0.1,1
0.1,1
0.1,1
0.1,1
0.1,1
0.1,1
0.1,1
0.1,1
0.1,1
0.1,1
0.1,1
0.1,1
0.1,1
0.1,1
0.1,1
0.1,1
0.1,1
0.1,1
0.1,1
0.1,1
0.1,1
0.1,1
0.1,1
0.1,1
0.1,1
0.1,1
0.1,1
0.1,1
0.1,1
0.1,1
0.1,1
0.1,1
0.1,1
0.1,1
0.1,1
0.1,1
0.1,1
0.1,1
0.1,1
0.1,1
0.1,1
0.1,1
0.1,1
0.1,1
0.1,1
0.1,1
0.1,1
0.1,1
0.1,1
0.1,1
0.1,1
0.1,1
0.1,1
0.1,1
0.1,1
0.1,1
0.1,1
0.1,1
0.1,1
0.1,1
0.1,1
0.1,1
0.1,1
0.1,1
0.1,1
0.1,1
0.1,1
0.1,1
0.1,1
0.1,1
0.1,1
0.1,1
0.1,1
0.1,1
0.1,1
0.1,1
0.1,1
0.1,1
0.1,1
0.1,1
0.1,1
0.1,1
0.1,1
0.1,1
0.1,1
0.1,1
0.1,1
0.1,1
0.1,1
0.1,1
0.1,1
0.1,1
0.1,1
0.1,1
0.1,1
0.1,1
0.1,1
0.1,1
0.1,1
0.1,1
0.1,1
0.1,1
0.1,1
0.1,1
0.1,1
0.1,1
0.1,1
0.1,1
0.1,1
0.1,1
0.1,1
0.1,1
0.1,1
0.1,1
0.1,1
0.1,1
0.1,1
0.1,1
0.1,1
0.1,1
0.1,1
0.1,1
0.1,1
0.1,1
0.1,1
0.1,1
0.1,1
0.1,1
0.1,1
0.1,1
0.1,1
0.1,1
0.1,1
0.1,1
0.1,1
0.1,1
0.1,1
0.1,1
0.1,1
0.1,1
0.1,1
0.1,1
0.1,1
0.1,1
0.1,1
0.1,1
0.1,1
0.1,1
0.1,1
0.1,1
0.1,1
0.1,1
0.1,1
0.1,1
0.1,1
0.1,1
0.1,1
0.1,1
0.1,1
0.1,1
0.1,1
0.1,1
0.1,1
0.1,1
0.1,1
0.1,1
0.1,1
0.1,1
0.1,1
0.1,1
0.1,1
0.1,1
0.1,1
0.1,1
0.1,1
0.1,1
0.1,1
0.1,1
0.1,1
0.1,1
0.1,1
0.1,1
0.1,1
0.1,1
0.1,1
0.1,1
0.1,1
0.1,1
0.1,1
0.1,1
0.1,1
0.1,1
0.1,1
0.1,1
0.1,1
0.1,1
0.1,1
0.1,1
0.1,1
0.1,1
0.1,1
0.1,1
0.1,1
0.1,1
0.1,1
0.1,1
0.1,1
0.1,1
0.1,1
0.1,1
0.1,1
0.1,1
0.1,1
0.1,1
0.1,1
0.1,1
0.1,1
0.1,1
0.1,1
0.1,1
0.1,1
0.1,1
0.1,1
0.1,1
0.1,1
0.1,1
0.1,1
0.1,1
0.1,1
0.1,1
0.1,1
0.1,1
0.1,1
0.1,1
0.1,1
0.1,1
0.1,1
0.1,1
0.1,1
0.1,1
0.1,1
0.1,1
0.1,1
0.1,1
0.1,1
0.1,1
0.1,1
0.1,1
0.1,1
0.1,1
0.1,1
0.1,1
0.1,1
0.1,1
0.1,1
0.1,1
0.1,1
0.1,1
0.1,1
0.1,1
0.1,1
0.1,1
0.1,1
0.1,1
0.1,1
0.1,1
0.1,1
0.1,1
0.1,1
0.1,1
0.1,1
0.1,1
0.1,1
0.1,1
0.1,1
0.1,1
0.1,1
0.1,1
0.1,1
0.1,1
0.1,1
0.1,1
0.1,1
0.1,1
0.1,1
0.1,1
0.1,1
0.1,1
0.1,1
0.1,1
0.1,1
0.1,1
0.1,1
0.1,1
0.1,1
0.1,1
0.1,1
0.1,1
0.1,1
0.1,1
0.1,1
0.1,1
0.1,1
0.1,1
0.1,1
0.1,1
0.1,1
0.1,1
0.1,1
0.1,1
0.1,1
0.1,1
0.1,1
0.1,1
0.1,1
0.1,1
0.1,1
0.1,1
0.1,1
0.1,1
0.1,1
0.1,1
0.1,1
0.1,1
0.1,1
0.1,1
0.1,1
0.1,1
0.1,1
0.1,1
0.1,1
0.1,1
0.1,1
0.1,1
0.1,1
0.1,1
0.1,1
0.1,1
0.1,1
0.1,1
0.1,1
0.1,1
0.1,1
0.1,1
0.1,1
0.1,1
0.1,1
0.1,1
0.1,1
0.1,1
0.1,1
0.1,1
0.1,1
0.1,1
0.1,1
0.1,1
0.1,1
0.1,1
0.1,1
0.1,1
0.1,1
0.1,1
0.1,1
0.1,1
0.1,1
0.1,1
0.1,1
0.1,1
0.1,1
0.1,1
0.1,1
0.1,1
0.1,1
0.1,1
0.1,1
0.1,1
0.1,1
0.1,1
0.1,1
0.1,1
0.1,1
0.1,1
0.1,1
0.1,1
0.1,1
0.1,1
0.1,1
0.1,1
0.1,1
0.1,1
0.1,1
0.1,1
0.1,1
0.1,1
0.1,1
0.1,1
0.1,1
0.1,1
0.1,1
0.1,1
0.1,1
0.1,1
0.1,1
0.1,1
0.1,1
0.1,1
0.1,1
0.1,1
0.1,1
0.1,1
0.1,1
0.1,1
0.1,1
0.1,1
0.1,1
0.1,1
0.1,1
0.1,1
0.1,1
0.1,1
0.1,1
0.1,1
0.1,1
0.1,1
0.1,1
0.1,1
0.1,1
0.1,1
0.1,1
0.1,1
0.1,1
0.1,1
0.1,1
0.1,1
0.1,1
0.1,1
0.1,1
0.1,1
0.1,1
0.1,1
0.1,1
0.1,1
0.1,1
0.1,1
0.1,1
0.1,1
0.1,1
0.1,1
0.1,1
0.1,1
0.1,1
0.1,1
0.1,1
0.1,1
0.1,1
0.1,1
0.1,1
0.1,1
0.1,1
0.1,1
0.1,1
0.1,1
0.1,1
0.1,1
0.1,1
0.1,1
0.1,1
0.1,1
0.1,1
0.1,1
0.1,1
0.1,1
0.1,1
0.1,1
0.1,1
0.1,1
0.1,1
0.1,1
0.1,1
0.1,1
0.1,1
0.1,1
0.1,1
0.1,1
0.1,1
0.1,1
0.1,1
0.1,1
0.1,1
0.1,1
0.1,1
0.1,1
0.1,1
0.1,1
0.1,1
0.1,1
0.1,1
0.1,1
0.1,1
0.1,1
0.1,1
0.1,1
0.1,1
0.1,1
0.1,1
0.1,1
0.1,1
0.1,1
0.1,1
0.1,1
0.1,1
0.1,1
0.1,1
0.1,1
0.1,1
0.1,1
0.1,1
0.1,1
0.1,1
0.1,1
0.1,1
0.1,1
0.1,1
0.1,1
0.1,1
0.1,1
0.1,1
0.1,1
0.1,1
0.1,1
0.1,1
0.1,1
0.1,1
0.1,1
0.1,1
0.1,1
0.1,1
0.1,1
0.1,1
0.1,1
0.1,1
0.1,1
0.1,1
0.1,1
0.1,1
0.1,1
0.1,1
0.1,1
0.1,1
0.1,1
0.1,1
0.1,1
0.1,1
0.1,1
0.1,1
0.1,1
0.1,1
0.1,1
0.1,1
0.1,1
0.1,1
0.1,1
0.1,1
0.1,1
0.1,1
0.1,1
0.1,1
0.1,1
0.1,1
0.1,1
0.1,1
0.1,1
0.1,1
0.1,1
0.1,1
0.1,1
0.1,1
0.1,1
0.1,1
0.1,1
0.1,1
0.1,1
0.1,1
0.1,1
0.1,1
0.1,1
0.1,1
0.1,1
0.1,1
0.1,1
0.1,1
0.1,1
0.1,1
0.1,1
0.1,1
0.1,1
0.1,1
0.1,1
0.1,1
0.1,1
0.1,1
0.1,1
0.1,1
0.1,1
0.1,1
0.1,1
0.1,1
0.1,1
0.1,1
0.1,1
0.1,1
0.1,1
0.1,1
0.1,1
0.1,1
0.1,1
0.1,1
0.1,1
0.1,1
0.1,1
0.1,1
0.1,1
0.1,1
0.1,1
0.1,1
0.1,1
0.1,1
0.1,1
0.1,1
0.1,1
0.1,1
0.1,1
0.1,1
0.1,1
0.1,1
0.1,1
0.1,1
0.1,1
0.1,1
0.1,1
0.1,1
0.1,1
0.1,1
0.1,1
0.1,1
0.1,1
0.1,1
0.1,1
0.1,1
0.1,1
0.1,1
0.1,1
0.1,1
0.1,1
0.1,1
0.1,1
0.1,1
0.1,1
0.1,1
0.1,1
0.1,1
0.1,1
0.1,1
0.1,1
0.1,1
0.1,1
0.1,1
0.1,1
0.1,1
0.1,1
0.1,1
0.1,1
0.1,1
0.1,1
0.1,1
0.1,1
0.1,1
0.1,1
0.1,1
0.1,1
0.1,1
0.1,1
0.1,1
0.1,1
0.1,1
0.1,1
0.1,1
0.1,1
0.1,1
0.1,1
0.1,1
0.1,1
0.1,1
0.1,1
0.1,1
0.1,1
0.1,1
0.1,1
0.1,1
0.1,1
0.1,1
0.1,1
0.1,1
0.1,1
0.1,1
0.1,1
0.1,1
0.1,1
0.1,1
0.1,1
0.1,1
0.1,1
0.1,1
0.1,1
0.1,1
0.1,1
0.1,1
0.1,1
0.1,1
0.1,1
0.1,1
0.1,1
0.1,1
0.1,1
0.1,1
0.1,1
0.1,1
0.1,1
0.1,1
0.1,1
0.1,1
0.1,1
0.1,1
0.1,1
0.1,1
0.1,1
0.1,1
0.1,1
0.1,1
0.1,1
0.1,1
0.1,1
0.1,1
0.1,1
0.1,1
0.1,1
0.1,1
0.1,1
0.1,1
0.1,1
0.1,1
0.1,1
0.1,1
0.1,1
0.1,1
0.1,1
0.1,1
0.1,1
0.1,1
0.1,1
0.1,1
0.1,1
0.1,1
0.1,1
0.1,1
0.1,1
0.1,1
0.1,1
0.1,1
0.1,1
0.1,1
0.1,1
0.1,1
0.1,1
0.1,1
0.1,1
0.1,1
0.1,1
0.1,1
0.1,1
0.1,1
0.1,1
0.1,1
0.1,1
0.1,1
0.1,1
0.1,1
0.1,1
0.1,1
0.1,1
0.1,1
0.1,1
0.1,1
0.1,1
0.1,1
0.1,1
0.1,1
0.1,1
0.1,1
0.1,1
0.1,1
0.1,1
0.1,1
0.1,1
0.1,1
0.1,1
0.1,1
0.1,1
0.1,1
0.1,1
0.1,1
0.1,1
0.1,1
0.1,1
0.1,1
0.1,1
0.1,1
0.1,1
0.1,1
0.1,1
0.1,1
0.1,1
0.1,1
0.1,1
0.1,1
0.1,1
0.1,1
0.1,1
0.1,1
0.1,1
0.1,1
0.1,1
0.1,1
0.1,1
0.1,1
0.1,1
0.1,1
0.1,1
0.1,1
0.1,1
0.1,1
0.1,1
0.1,1
0.1,1
0.1,1
0.1,1
0.1,1
0.1,1
0.1,1
0.1,1
0.1,1
0.1,1
0.1,1
0.1,1
0.1,1
0.1,1
0.1,1
0.1,1
0.1,1
0.1,1
0.1,1
0.1,1
0.1,1
0.1,1
0.1,1
0.1,1
0.1,1
0.1,1
0.1,1
0.1,1
0.1,1
0.1,1
0.1,1
0.1,1
0.1,1
0.1,1
0.1,1
0.1,1
0.1,1
0.1,1
0.1,1
0.1,1
0.1,1
0.1,1
0.1,1
0.1,1
0.1,1
0.1,1
0.1,1
0.1,1
0.1,1
0.1,1
0.1,1
0.1,1
0.1,1
0.1,1
0.1,1
0.1,1
0.1,1
0.1,1
0.1,1
0.1,1
0.1,1
0.1,1
0.1,1
0.1,1
0.1,1
0.1,1
0.1,1
0.1,1
0.1,1
0.1,1
0.1,1
0.1,1
0.1,1
0.1,1
0.1,1